	 {"LayName": "light_02.png", "LayWidth": 1.004167, "LayHeight": 1.004684, "LayID": 48, "ParentID": 0, "LayIn": 0.00, "LayDur": 30.03, "CompIn": 0.00, "CompDur": 30.03, "Normalization": true,
		"SourcePath": "C:/DocumentsandSettings/mtk03593/Desktop/VideoOrb/Resource/light_02.png",
		"Version": "050941839",
			 	"Marker": { 
				 }, 
				 "AnchorPoint": { 
					"X": 0.56, "Y": 0.50, "Z": 0.00
					 }, 
				 "Position": { 
					"X": 0.50, "Y": 0.50, "Z": 388.00
					 }, 
				 "Scale": { 
					"X": 150.37, "Y": 197.00, "Z": 100.37
					 }, 
				 "Orientation": { 
					"Type":[ 0.00 , 0.00 , 0.00 ],
					"Time":[ 1.84 , 9.98 , 29.93 ],
					"X":[ 0.00 , 0.00 , 0.00 ],
					"Y":[ 0.00 , 0.00 , 0.00 ],
					"Z":[ 0.00 , 7.00 , -3.00 ],
					"InTanX":[ 0.00 , 0.00 , 0.00 ],
					"InTanY":[ 0.00 , 0.00 , 0.00 ],
					"InTanZ":[ 0.00 , 0.00 , 0.00 ],
					"OutTanX":[ 0.00 , 0.00 , 0.00 ],
					"OutTanY":[ 0.00 , 0.00 , 0.00 ],
					"OutTanZ":[ 0.00 , 0.00 , 0.00 ]
				},
				 "Opacity": {
					"Type":[ 0.00 , 0.00 , 0.00 , 0.00 ],
					"Time":[ 1.33 , 1.84 , 9.98 , 29.93 ],
					"Val":[ 0.00 , 50.00 , 90.00 , 80.00 ],
					"InTanX":[ 0.00 , 0.00 , 0.00 , 0.00 ],
					"OutTanX":[ 0.00 , 0.00 , 0.00 , 0.00 ]
				}
	}
