	 {"LayName": "MovieClip11", "LayWidth": 0.208333, "LayHeight": 0.117096, "LayID": 39, "ParentID": 0, "LayIn": 0.00, "LayDur": 30.03, "CompIn": 0.00, "CompDur": 30.03, "Normalization": true,
		"SourcePath": null,
		"Version": "050941839",
			 	"Marker": { 
				 }, 
				 "AnchorPoint": { 
					"X": 0.5, "Y": 0.50, "Z": 0.00
					 },
				 "Scale": { 
					"X": 100.00, "Y": 100.00, "Z": 100.00
					 }, 
				 "Orientation": { 
					"Type":[ 0.00 , 0.00 , 0.00 ],
					"Time":[ 0.00 , 15.02 , 30.00 ],
					"X":[ 180.00 , 180.00 , 180.00 ],
					"Y":[ 280.00 , 99.00 , 278.00 ],
					"Z":[ 180.00 , 180.00 , 180.00 ],
					"InTanX":[ 0.00 , 0.00 , 0.00 ],
					"InTanY":[ 0.00 , 0.00 , 0.00 ],
					"InTanZ":[ 0.00 , 0.00 , 0.00 ],
					"OutTanX":[ 0.00 , 0.00 , 0.00 ],
					"OutTanY":[ 0.00 , 0.00 , 0.00 ],
					"OutTanZ":[ 0.00 , 0.00 , 0.00 ]
				}
	}
